{
  "hypothesis": {
    "T_mid": 0.9098882352941177,
    "GW": 0.8786,
    "NP16": 0.9411764705882353
  },
  "mean_T_empirical": 0.96,
  "results": [
    {
      "graph": "G62.txt",
      "cosm": 4870,
      "best_pct": 95.40041067761807,
      "empirical_T": 0.95,
      "delta_midpoint": 0.04011176470588229,
      "delta_gw": 0.07139999999999991,
      "delta_np16": 0.008823529411764675
    },
    {
      "graph": "G66.txt",
      "cosm": 6364,
      "best_pct": 95.34883720930233,
      "empirical_T": 0.95,
      "delta_midpoint": 0.04011176470588229,
      "delta_gw": 0.07139999999999991,
      "delta_np16": 0.008823529411764675
    },
    {
      "graph": "G67.txt",
      "cosm": 6940,
      "best_pct": 95.90778097982708,
      "empirical_T": 0.96,
      "delta_midpoint": 0.0501117647058823,
      "delta_gw": 0.08139999999999992,
      "delta_np16": 0.018823529411764683
    },
    {
      "graph": "G70.txt",
      "cosm": 9541,
      "best_pct": 97.9037836704748,
      "empirical_T": 0.98,
      "delta_midpoint": 0.07011176470588232,
      "delta_gw": 0.10139999999999993,
      "delta_np16": 0.0388235294117647
    }
  ]
}