{
  "results": [
    {
      "graph": "G62.txt",
      "cosm": 4870,
      "best_cut": 4526.0,
      "best_pct": 92.93634496919918,
      "t1": 0.91,
      "t2": 0.91
    },
    {
      "graph": "G66.txt",
      "cosm": 6364,
      "best_cut": 5876.0,
      "best_pct": 92.3318667504714,
      "t1": 0.91,
      "t2": 0.91
    },
    {
      "graph": "G67.txt",
      "cosm": 6940,
      "best_cut": 6432.0,
      "best_pct": 92.68011527377521,
      "t1": 0.91,
      "t2": 0.91
    },
    {
      "graph": "G70.txt",
      "cosm": 9541,
      "best_cut": 8801.0,
      "best_pct": 92.24399958075674,
      "t1": 0.91,
      "t2": null
    }
  ],
  "mean_T1": 0.91,
  "mean_T2": 0.91,
  "GW": 0.8786,
  "NP16": 0.9411764705882353
}